Date, RAM(MB), CPU(%)
Thu May 28 09:33:51 UTC 2020,  1607, 84.2
Thu May 28 09:34:02 UTC 2020,  1856, 0.0
Thu May 28 09:34:12 UTC 2020,  1061, 94.1
Thu May 28 09:34:22 UTC 2020,  1500, 93.8
Thu May 28 09:34:32 UTC 2020,  1893, 5.9
Thu May 28 09:34:43 UTC 2020,  1906, 5.9
Thu May 28 09:34:53 UTC 2020,  1179, 56.2
Thu May 28 09:35:03 UTC 2020,  1591, 88.9
Thu May 28 09:35:13 UTC 2020,  1730, 0.0
Thu May 28 09:35:23 UTC 2020,  1776, 0.0
Thu May 28 09:35:34 UTC 2020,  925, 58.8
Thu May 28 09:35:44 UTC 2020,  1055, 6.2
Thu May 28 09:35:54 UTC 2020,  370, 93.3
Thu May 28 09:36:04 UTC 2020,  371, 14.3
Thu May 28 09:36:14 UTC 2020,  371, 0.0
Thu May 28 09:36:25 UTC 2020,  372, 5.9
Thu May 28 09:36:35 UTC 2020,  372, 0.0
Thu May 28 09:36:45 UTC 2020,  373, 0.0
Thu May 28 09:36:55 UTC 2020,  373, 0.0
Thu May 28 09:37:05 UTC 2020,  373, 0.0
Thu May 28 09:37:15 UTC 2020,  374, 0.0
Thu May 28 09:37:26 UTC 2020,  373, 0.0
Thu May 28 09:37:36 UTC 2020,  374, 11.8
Thu May 28 09:37:46 UTC 2020,  374, 0.0
Thu May 28 09:37:56 UTC 2020,  373, 0.0
Thu May 28 09:38:06 UTC 2020,  373, 5.6
Thu May 28 09:38:16 UTC 2020,  372, 81.2
Thu May 28 09:38:27 UTC 2020,  373, 0.0
Thu May 28 09:38:37 UTC 2020,  374, 68.8
Thu May 28 09:38:47 UTC 2020,  93, 0.0
Thu May 28 09:38:57 UTC 2020,  92, 0.0
Thu May 28 09:39:07 UTC 2020,  92, 0.0
Thu May 28 09:39:17 UTC 2020,  92, 0.0
Thu May 28 09:39:28 UTC 2020,  92, 5.9
Thu May 28 09:39:38 UTC 2020,  92, 5.9
Thu May 28 09:39:48 UTC 2020,  261, 0.0
Thu May 28 09:39:58 UTC 2020,  99, 0.0
Thu May 28 09:40:08 UTC 2020,  100, 6.2
Thu May 28 09:40:18 UTC 2020,  99, 0.0
Thu May 28 09:40:29 UTC 2020,  323, 0.0
Thu May 28 09:40:39 UTC 2020,  323, 0.0
Thu May 28 09:40:49 UTC 2020,  324, 6.2
Thu May 28 09:40:59 UTC 2020,  324, 0.0
Thu May 28 09:41:09 UTC 2020,  324, 0.0
Thu May 28 09:41:19 UTC 2020,  323, 0.0
Thu May 28 09:41:30 UTC 2020,  323, 0.0
Thu May 28 09:41:40 UTC 2020,  323, 0.0
Thu May 28 09:41:50 UTC 2020,  323, 0.0
Thu May 28 09:42:00 UTC 2020,  323, 0.0
Thu May 28 09:42:10 UTC 2020,  323, 6.2
Thu May 28 09:42:20 UTC 2020,  323, 0.0
Thu May 28 09:42:31 UTC 2020,  324, 0.0
Thu May 28 09:42:41 UTC 2020,  324, 6.2
Thu May 28 09:42:51 UTC 2020,  324, 0.0
Thu May 28 09:43:01 UTC 2020,  325, 6.2
Thu May 28 09:43:11 UTC 2020,  325, 0.0
Thu May 28 09:43:21 UTC 2020,  325, 0.0
Thu May 28 09:43:32 UTC 2020,  325, 6.2
Thu May 28 09:43:42 UTC 2020,  325, 0.0
Thu May 28 09:43:52 UTC 2020,  326, 0.0
Thu May 28 09:44:02 UTC 2020,  326, 0.0
Thu May 28 09:44:12 UTC 2020,  325, 0.0
Thu May 28 09:44:22 UTC 2020,  326, 0.0
Thu May 28 09:44:33 UTC 2020,  326, 6.2
Thu May 28 09:44:43 UTC 2020,  326, 0.0
Thu May 28 09:44:53 UTC 2020,  329, 0.0
Thu May 28 09:45:03 UTC 2020,  326, 0.0
Thu May 28 09:45:13 UTC 2020,  319, 0.0
Thu May 28 09:45:23 UTC 2020,  319, 0.0
Thu May 28 09:45:34 UTC 2020,  319, 0.0
Thu May 28 09:45:44 UTC 2020,  319, 6.2
Thu May 28 09:45:54 UTC 2020,  324, 0.0
Thu May 28 09:46:04 UTC 2020,  324, 0.0
Thu May 28 09:46:14 UTC 2020,  323, 0.0
Thu May 28 09:46:24 UTC 2020,  326, 0.0
Thu May 28 09:46:35 UTC 2020,  327, 6.2
Thu May 28 09:46:45 UTC 2020,  327, 0.0
Thu May 28 09:46:55 UTC 2020,  327, 0.0
Thu May 28 09:47:05 UTC 2020,  326, 0.0
Thu May 28 09:47:15 UTC 2020,  326, 0.0
Thu May 28 09:47:25 UTC 2020,  326, 5.9
Thu May 28 09:47:36 UTC 2020,  326, 0.0
Thu May 28 09:47:46 UTC 2020,  326, 6.2
Thu May 28 09:47:56 UTC 2020,  327, 0.0
Thu May 28 09:48:06 UTC 2020,  327, 0.0
Thu May 28 09:48:16 UTC 2020,  326, 0.0
Thu May 28 09:48:26 UTC 2020,  327, 0.0
Thu May 28 09:48:37 UTC 2020,  327, 0.0
Thu May 28 09:48:47 UTC 2020,  326, 0.0
Thu May 28 09:48:57 UTC 2020,  327, 0.0
Thu May 28 09:49:07 UTC 2020,  326, 0.0
Thu May 28 09:49:17 UTC 2020,  326, 6.2
Thu May 28 09:49:27 UTC 2020,  328, 0.0
Thu May 28 09:49:38 UTC 2020,  326, 6.2
Date, RAM(MB), CPU(%)
Thu May 28 09:51:57 UTC 2020,  333, 0.0
Thu May 28 09:52:57 UTC 2020,  333, 0.0
Thu May 28 09:53:57 UTC 2020,  323, 6.2
Thu May 28 09:54:58 UTC 2020,  323, 0.0
Thu May 28 09:55:58 UTC 2020,  323, 0.0
Thu May 28 09:56:58 UTC 2020,  323, 0.0
Thu May 28 09:57:58 UTC 2020,  323, 0.0
Thu May 28 09:58:58 UTC 2020,  323, 0.0
Thu May 28 09:59:58 UTC 2020,  323, 0.0
Thu May 28 10:00:59 UTC 2020,  323, 0.0
Thu May 28 10:01:59 UTC 2020,  324, 0.0
Thu May 28 10:02:59 UTC 2020,  324, 0.0
Thu May 28 10:03:59 UTC 2020,  324, 6.2
Thu May 28 10:04:59 UTC 2020,  323, 0.0
Thu May 28 10:05:59 UTC 2020,  323, 0.0
Thu May 28 10:07:00 UTC 2020,  325, 0.0
Thu May 28 10:08:00 UTC 2020,  325, 6.2
Thu May 28 10:09:00 UTC 2020,  323, 5.9
Thu May 28 10:10:00 UTC 2020,  323, 0.0
Thu May 28 10:11:00 UTC 2020,  324, 0.0
Thu May 28 10:12:00 UTC 2020,  323, 0.0
Thu May 28 10:13:01 UTC 2020,  323, 0.0
Thu May 28 10:14:01 UTC 2020,  323, 0.0
Thu May 28 10:15:01 UTC 2020,  323, 0.0
Thu May 28 10:16:01 UTC 2020,  323, 0.0
Thu May 28 10:17:01 UTC 2020,  325, 6.2
Thu May 28 10:18:01 UTC 2020,  325, 0.0
Thu May 28 10:19:02 UTC 2020,  323, 6.2
Thu May 28 10:20:02 UTC 2020,  324, 0.0
Thu May 28 10:21:02 UTC 2020,  323, 0.0
Thu May 28 10:22:02 UTC 2020,  323, 0.0
Thu May 28 10:23:02 UTC 2020,  325, 0.0
Thu May 28 10:24:02 UTC 2020,  328, 0.0
Thu May 28 10:25:03 UTC 2020,  326, 0.0
Thu May 28 10:26:03 UTC 2020,  326, 0.0
Thu May 28 10:27:03 UTC 2020,  326, 0.0
Thu May 28 10:28:03 UTC 2020,  328, 0.0
Thu May 28 10:29:03 UTC 2020,  328, 0.0
Thu May 28 10:30:03 UTC 2020,  326, 0.0
Thu May 28 10:31:04 UTC 2020,  326, 0.0
Thu May 28 10:32:04 UTC 2020,  326, 0.0
Thu May 28 10:33:04 UTC 2020,  326, 0.0
Thu May 28 10:34:04 UTC 2020,  326, 0.0
Thu May 28 10:35:04 UTC 2020,  326, 0.0
Thu May 28 10:36:04 UTC 2020,  326, 0.0
Thu May 28 10:37:04 UTC 2020,  326, 0.0
Thu May 28 10:38:05 UTC 2020,  326, 0.0
Thu May 28 10:39:05 UTC 2020,  326, 6.2
Thu May 28 10:40:05 UTC 2020,  326, 6.2
Thu May 28 10:41:05 UTC 2020,  326, 0.0
Thu May 28 10:42:05 UTC 2020,  326, 0.0
Thu May 28 10:43:05 UTC 2020,  326, 0.0
Thu May 28 10:44:06 UTC 2020,  326, 0.0
Thu May 28 10:45:06 UTC 2020,  328, 0.0
Thu May 28 10:46:06 UTC 2020,  328, 0.0
Thu May 28 10:47:06 UTC 2020,  326, 0.0
Thu May 28 10:48:06 UTC 2020,  326, 0.0
Thu May 28 10:49:06 UTC 2020,  326, 0.0
Thu May 28 10:50:07 UTC 2020,  326, 0.0
Thu May 28 10:51:07 UTC 2020,  326, 0.0
Thu May 28 10:52:07 UTC 2020,  326, 0.0
Thu May 28 10:53:07 UTC 2020,  326, 0.0
Thu May 28 10:54:07 UTC 2020,  326, 0.0
Thu May 28 10:55:07 UTC 2020,  326, 6.2
Thu May 28 10:56:08 UTC 2020,  326, 0.0
Thu May 28 10:57:08 UTC 2020,  326, 0.0
Thu May 28 10:58:08 UTC 2020,  326, 0.0
Thu May 28 10:59:08 UTC 2020,  326, 0.0
Thu May 28 11:00:08 UTC 2020,  326, 0.0
Thu May 28 11:01:08 UTC 2020,  326, 0.0
Thu May 28 11:02:09 UTC 2020,  326, 0.0
Thu May 28 11:03:09 UTC 2020,  326, 0.0
Thu May 28 11:04:09 UTC 2020,  326, 0.0
Thu May 28 11:05:09 UTC 2020,  326, 0.0
Thu May 28 11:06:09 UTC 2020,  326, 6.2
Thu May 28 11:07:09 UTC 2020,  326, 0.0
Thu May 28 11:08:10 UTC 2020,  327, 0.0
Thu May 28 11:09:10 UTC 2020,  327, 6.2
Thu May 28 11:10:10 UTC 2020,  325, 0.0
Thu May 28 11:11:10 UTC 2020,  325, 0.0
Thu May 28 11:12:10 UTC 2020,  325, 0.0
Thu May 28 11:13:10 UTC 2020,  325, 0.0
Thu May 28 11:14:11 UTC 2020,  325, 0.0
Thu May 28 11:15:11 UTC 2020,  325, 0.0
Thu May 28 11:16:11 UTC 2020,  324, 0.0
Thu May 28 11:17:11 UTC 2020,  325, 0.0
Thu May 28 11:18:11 UTC 2020,  327, 0.0
Thu May 28 11:19:11 UTC 2020,  325, 5.9
Thu May 28 11:20:12 UTC 2020,  325, 0.0
Thu May 28 11:21:12 UTC 2020,  325, 0.0
Thu May 28 11:22:12 UTC 2020,  325, 0.0
Thu May 28 11:23:12 UTC 2020,  325, 0.0
Thu May 28 11:24:12 UTC 2020,  327, 0.0
Thu May 28 11:25:12 UTC 2020,  327, 0.0
Thu May 28 11:26:13 UTC 2020,  325, 0.0
Thu May 28 11:27:13 UTC 2020,  325, 0.0
Thu May 28 11:28:13 UTC 2020,  325, 6.2
Thu May 28 11:29:13 UTC 2020,  327, 6.2
Thu May 28 11:30:13 UTC 2020,  327, 0.0
Thu May 28 11:31:13 UTC 2020,  323, 0.0
Thu May 28 11:32:14 UTC 2020,  323, 0.0
Thu May 28 11:33:14 UTC 2020,  323, 0.0
Thu May 28 11:34:14 UTC 2020,  323, 0.0
Thu May 28 11:35:14 UTC 2020,  325, 0.0
Thu May 28 11:36:14 UTC 2020,  325, 0.0
Thu May 28 11:37:14 UTC 2020,  323, 6.2
Thu May 28 11:38:15 UTC 2020,  323, 0.0
Thu May 28 11:39:15 UTC 2020,  323, 0.0
Thu May 28 11:40:15 UTC 2020,  323, 0.0
Thu May 28 11:41:15 UTC 2020,  325, 0.0
Thu May 28 11:42:15 UTC 2020,  325, 0.0
Thu May 28 11:43:15 UTC 2020,  323, 0.0
Thu May 28 11:44:16 UTC 2020,  327, 0.0
Thu May 28 11:45:16 UTC 2020,  327, 0.0
Thu May 28 11:46:16 UTC 2020,  324, 6.2
Thu May 28 11:47:16 UTC 2020,  324, 0.0
Thu May 28 11:48:16 UTC 2020,  324, 0.0
Thu May 28 11:49:16 UTC 2020,  324, 6.2
Thu May 28 11:50:16 UTC 2020,  324, 0.0
Thu May 28 11:51:17 UTC 2020,  328, 0.0
Thu May 28 11:52:17 UTC 2020,  1134, 93.8
Thu May 28 11:53:17 UTC 2020,  356, 0.0
Thu May 28 11:54:17 UTC 2020,  356, 0.0
Thu May 28 11:55:17 UTC 2020,  357, 6.2
Thu May 28 11:56:18 UTC 2020,  357, 0.0
Thu May 28 11:57:18 UTC 2020,  356, 0.0
Thu May 28 11:58:18 UTC 2020,  356, 0.0
Thu May 28 11:59:18 UTC 2020,  361, 0.0
Thu May 28 12:00:18 UTC 2020,  191, 6.2
Thu May 28 12:01:18 UTC 2020,  419, 0.0
Thu May 28 12:02:19 UTC 2020,  419, 0.0
Thu May 28 12:03:19 UTC 2020,  420, 0.0
Thu May 28 12:04:19 UTC 2020,  189, 0.0
Thu May 28 12:05:19 UTC 2020,  413, 0.0
Thu May 28 12:06:19 UTC 2020,  413, 0.0
Thu May 28 12:07:19 UTC 2020,  413, 0.0
Thu May 28 12:08:20 UTC 2020,  413, 6.2
Thu May 28 12:09:20 UTC 2020,  413, 0.0
Thu May 28 12:10:20 UTC 2020,  423, 0.0
Thu May 28 12:11:20 UTC 2020,  423, 0.0
Thu May 28 12:12:20 UTC 2020,  184, 0.0
Thu May 28 12:13:20 UTC 2020,  183, 0.0
Thu May 28 12:14:21 UTC 2020,  183, 0.0
Thu May 28 12:15:21 UTC 2020,  183, 0.0
Thu May 28 12:16:21 UTC 2020,  183, 6.2
Thu May 28 12:17:21 UTC 2020,  183, 0.0
Thu May 28 12:18:21 UTC 2020,  183, 0.0
Thu May 28 12:19:21 UTC 2020,  183, 0.0
Thu May 28 12:20:21 UTC 2020,  183, 0.0
Thu May 28 12:21:22 UTC 2020,  185, 0.0
Thu May 28 12:22:22 UTC 2020,  185, 0.0
Thu May 28 12:23:22 UTC 2020,  183, 0.0
Thu May 28 12:24:22 UTC 2020,  183, 0.0
Thu May 28 12:25:22 UTC 2020,  183, 0.0
Thu May 28 12:26:22 UTC 2020,  183, 0.0
Thu May 28 12:27:23 UTC 2020,  185, 0.0
Thu May 28 12:28:23 UTC 2020,  185, 6.2
Thu May 28 12:29:23 UTC 2020,  190, 0.0
Thu May 28 12:30:23 UTC 2020,  190, 0.0
Thu May 28 12:31:23 UTC 2020,  411, 0.0
Thu May 28 12:32:23 UTC 2020,  289, 6.2
Thu May 28 12:33:24 UTC 2020,  298, 0.0
Thu May 28 12:34:24 UTC 2020,  298, 6.2
Thu May 28 12:35:24 UTC 2020,  298, 0.0
Thu May 28 12:36:24 UTC 2020,  298, 0.0
Thu May 28 12:37:24 UTC 2020,  298, 6.2
Thu May 28 12:38:24 UTC 2020,  298, 6.2
Thu May 28 12:39:25 UTC 2020,  298, 0.0
Thu May 28 12:40:25 UTC 2020,  296, 0.0
Thu May 28 12:41:25 UTC 2020,  298, 5.9
Thu May 28 12:42:25 UTC 2020,  298, 6.2
Thu May 28 12:43:25 UTC 2020,  298, 0.0
Thu May 28 12:44:25 UTC 2020,  296, 0.0
Thu May 28 12:45:26 UTC 2020,  296, 0.0
Thu May 28 12:46:26 UTC 2020,  296, 0.0
Thu May 28 12:47:26 UTC 2020,  298, 0.0
Thu May 28 12:48:26 UTC 2020,  294, 0.0
Thu May 28 12:49:26 UTC 2020,  292, 0.0
Thu May 28 12:50:26 UTC 2020,  294, 0.0
Thu May 28 12:51:27 UTC 2020,  294, 0.0
Thu May 28 12:52:27 UTC 2020,  292, 0.0
Thu May 28 12:53:27 UTC 2020,  292, 6.2
Thu May 28 12:54:27 UTC 2020,  292, 0.0
Thu May 28 12:55:27 UTC 2020,  294, 0.0
Thu May 28 12:56:27 UTC 2020,  293, 0.0
Thu May 28 12:57:28 UTC 2020,  296, 0.0
Thu May 28 12:58:28 UTC 2020,  296, 0.0
Thu May 28 12:59:28 UTC 2020,  294, 0.0
Thu May 28 13:00:28 UTC 2020,  294, 0.0
Thu May 28 13:01:28 UTC 2020,  294, 5.9
Thu May 28 13:02:28 UTC 2020,  294, 6.2
Thu May 28 13:03:29 UTC 2020,  294, 0.0
Thu May 28 13:04:29 UTC 2020,  294, 6.2
Thu May 28 13:05:29 UTC 2020,  292, 6.2
Thu May 28 13:06:29 UTC 2020,  297, 5.9
Thu May 28 13:07:29 UTC 2020,  297, 0.0
Thu May 28 13:08:29 UTC 2020,  297, 0.0
Thu May 28 13:09:30 UTC 2020,  297, 0.0
Thu May 28 13:10:30 UTC 2020,  297, 6.2
Thu May 28 13:11:30 UTC 2020,  297, 0.0
Thu May 28 13:12:30 UTC 2020,  297, 0.0
Thu May 28 13:13:30 UTC 2020,  297, 0.0
Thu May 28 13:14:30 UTC 2020,  299, 0.0
Thu May 28 13:15:31 UTC 2020,  299, 0.0
Thu May 28 13:16:31 UTC 2020,  297, 0.0
Thu May 28 13:17:31 UTC 2020,  297, 0.0
Thu May 28 13:18:31 UTC 2020,  297, 0.0
Thu May 28 13:19:31 UTC 2020,  297, 0.0
Thu May 28 13:20:31 UTC 2020,  299, 0.0
Thu May 28 13:21:32 UTC 2020,  299, 0.0
Thu May 28 13:22:32 UTC 2020,  297, 0.0
Thu May 28 13:23:32 UTC 2020,  297, 6.2
Thu May 28 13:24:32 UTC 2020,  297, 0.0
Thu May 28 13:25:32 UTC 2020,  297, 0.0
Thu May 28 13:26:32 UTC 2020,  297, 5.9
Thu May 28 13:27:33 UTC 2020,  296, 6.2
Thu May 28 13:28:33 UTC 2020,  296, 0.0
Thu May 28 13:29:33 UTC 2020,  296, 5.9
Thu May 28 13:30:33 UTC 2020,  296, 0.0
Thu May 28 13:31:33 UTC 2020,  296, 6.2
Thu May 28 13:32:33 UTC 2020,  296, 0.0
Thu May 28 13:33:33 UTC 2020,  296, 5.9
Thu May 28 13:34:34 UTC 2020,  296, 6.2
Thu May 28 13:35:34 UTC 2020,  296, 6.2
Thu May 28 13:36:34 UTC 2020,  296, 0.0
Thu May 28 13:37:34 UTC 2020,  296, 0.0
Thu May 28 13:38:34 UTC 2020,  296, 0.0
Thu May 28 13:39:34 UTC 2020,  296, 0.0
Thu May 28 13:40:35 UTC 2020,  296, 0.0
Thu May 28 13:41:35 UTC 2020,  296, 0.0
Thu May 28 13:42:35 UTC 2020,  296, 0.0
Thu May 28 13:43:35 UTC 2020,  296, 0.0
Thu May 28 13:44:35 UTC 2020,  296, 0.0
Thu May 28 13:45:35 UTC 2020,  296, 0.0
Thu May 28 13:46:36 UTC 2020,  296, 6.2
Thu May 28 13:47:36 UTC 2020,  296, 0.0
Thu May 28 13:48:36 UTC 2020,  296, 0.0
Thu May 28 13:49:36 UTC 2020,  296, 0.0
Thu May 28 13:50:36 UTC 2020,  298, 0.0
Thu May 28 13:51:36 UTC 2020,  298, 0.0
Thu May 28 13:52:37 UTC 2020,  296, 0.0
Thu May 28 13:53:37 UTC 2020,  296, 0.0
Thu May 28 13:54:37 UTC 2020,  296, 0.0
Thu May 28 13:55:37 UTC 2020,  296, 0.0
Thu May 28 13:56:37 UTC 2020,  298, 0.0
Thu May 28 13:57:37 UTC 2020,  298, 0.0
Thu May 28 13:58:38 UTC 2020,  296, 0.0
Thu May 28 13:59:38 UTC 2020,  296, 0.0
Thu May 28 14:00:38 UTC 2020,  296, 6.2
Thu May 28 14:01:38 UTC 2020,  296, 0.0
Thu May 28 14:02:38 UTC 2020,  296, 0.0
Thu May 28 14:03:38 UTC 2020,  296, 0.0
Thu May 28 14:04:39 UTC 2020,  296, 6.2
Thu May 28 14:05:39 UTC 2020,  296, 6.2
Thu May 28 14:06:39 UTC 2020,  296, 6.2
Thu May 28 14:07:39 UTC 2020,  296, 5.9
Thu May 28 14:08:39 UTC 2020,  296, 0.0
Thu May 28 14:09:39 UTC 2020,  296, 0.0
Thu May 28 14:10:40 UTC 2020,  296, 6.2
Thu May 28 14:11:40 UTC 2020,  296, 0.0
Thu May 28 14:12:40 UTC 2020,  296, 0.0
Thu May 28 14:13:40 UTC 2020,  296, 0.0
Thu May 28 14:14:40 UTC 2020,  296, 0.0
Thu May 28 14:15:40 UTC 2020,  296, 0.0
Thu May 28 14:16:41 UTC 2020,  296, 0.0
Thu May 28 14:17:41 UTC 2020,  296, 0.0
Thu May 28 14:18:41 UTC 2020,  296, 0.0
Thu May 28 14:19:41 UTC 2020,  296, 0.0
Thu May 28 14:20:41 UTC 2020,  298, 0.0
Thu May 28 14:21:41 UTC 2020,  298, 0.0
Thu May 28 14:22:42 UTC 2020,  296, 0.0
Thu May 28 14:23:42 UTC 2020,  296, 0.0
Thu May 28 14:24:42 UTC 2020,  296, 6.2
Thu May 28 14:25:42 UTC 2020,  296, 0.0
Thu May 28 14:26:42 UTC 2020,  296, 0.0
Thu May 28 14:27:42 UTC 2020,  274, 0.0
Thu May 28 14:28:43 UTC 2020,  274, 0.0
Thu May 28 14:29:43 UTC 2020,  274, 6.2
Thu May 28 14:30:43 UTC 2020,  274, 0.0
Thu May 28 14:31:43 UTC 2020,  274, 0.0
Thu May 28 14:32:43 UTC 2020,  274, 0.0
Thu May 28 14:33:43 UTC 2020,  276, 0.0
Thu May 28 14:34:44 UTC 2020,  276, 0.0
Thu May 28 14:35:44 UTC 2020,  274, 0.0
Thu May 28 14:36:44 UTC 2020,  273, 0.0
Thu May 28 14:37:44 UTC 2020,  274, 0.0
Thu May 28 14:38:44 UTC 2020,  274, 0.0
Thu May 28 14:39:44 UTC 2020,  274, 0.0
Thu May 28 14:40:45 UTC 2020,  274, 0.0
Thu May 28 14:41:45 UTC 2020,  274, 0.0
Thu May 28 14:42:45 UTC 2020,  274, 0.0
Thu May 28 14:43:45 UTC 2020,  274, 6.2
Thu May 28 14:44:45 UTC 2020,  274, 0.0
Thu May 28 14:45:45 UTC 2020,  274, 5.9
Thu May 28 14:46:45 UTC 2020,  276, 0.0
Thu May 28 14:47:46 UTC 2020,  274, 0.0
Thu May 28 14:48:46 UTC 2020,  274, 0.0
Thu May 28 14:49:46 UTC 2020,  274, 0.0
Thu May 28 14:50:46 UTC 2020,  274, 6.2
Thu May 28 14:51:46 UTC 2020,  274, 0.0
Thu May 28 14:52:46 UTC 2020,  274, 0.0
Thu May 28 14:53:47 UTC 2020,  274, 0.0
Thu May 28 14:54:47 UTC 2020,  274, 6.2
Thu May 28 14:55:47 UTC 2020,  276, 6.2
Thu May 28 14:56:47 UTC 2020,  276, 0.0
Thu May 28 14:57:47 UTC 2020,  276, 6.2
Thu May 28 14:58:47 UTC 2020,  276, 0.0
Thu May 28 14:59:48 UTC 2020,  278, 0.0
Thu May 28 15:00:48 UTC 2020,  278, 0.0
Thu May 28 15:01:48 UTC 2020,  276, 0.0
Thu May 28 15:02:48 UTC 2020,  276, 0.0
Thu May 28 15:03:48 UTC 2020,  276, 0.0
Thu May 28 15:04:48 UTC 2020,  276, 0.0
Thu May 28 15:05:49 UTC 2020,  278, 0.0
Thu May 28 15:06:49 UTC 2020,  276, 0.0
Thu May 28 15:07:49 UTC 2020,  276, 0.0
Thu May 28 15:08:49 UTC 2020,  276, 0.0
Thu May 28 15:09:49 UTC 2020,  276, 0.0
Thu May 28 15:10:49 UTC 2020,  276, 0.0
Thu May 28 15:11:50 UTC 2020,  278, 0.0
Thu May 28 15:12:50 UTC 2020,  278, 0.0
Thu May 28 15:13:50 UTC 2020,  276, 0.0
Thu May 28 15:14:50 UTC 2020,  276, 0.0
Thu May 28 15:15:50 UTC 2020,  276, 0.0
Thu May 28 15:16:50 UTC 2020,  276, 0.0
Thu May 28 15:17:51 UTC 2020,  276, 0.0
Thu May 28 15:18:51 UTC 2020,  276, 0.0
Thu May 28 15:19:51 UTC 2020,  280, 0.0
Thu May 28 15:20:51 UTC 2020,  281, 0.0
Thu May 28 15:21:51 UTC 2020,  287, 6.2
Thu May 28 15:22:51 UTC 2020,  284, 0.0
Thu May 28 15:23:52 UTC 2020,  286, 0.0
Thu May 28 15:24:52 UTC 2020,  286, 0.0
Thu May 28 15:25:52 UTC 2020,  284, 6.2
Thu May 28 15:26:52 UTC 2020,  284, 6.2
Thu May 28 15:27:52 UTC 2020,  284, 0.0
Thu May 28 15:28:52 UTC 2020,  286, 6.2
Thu May 28 15:29:53 UTC 2020,  286, 0.0
Thu May 28 15:30:53 UTC 2020,  285, 0.0
Thu May 28 15:31:53 UTC 2020,  284, 0.0
Thu May 28 15:32:53 UTC 2020,  284, 0.0
Thu May 28 21:03:53 IST 2020,  284, 6.2
Thu May 28 21:04:53 IST 2020,  289, 6.2
Thu May 28 21:05:54 IST 2020,  286, 0.0
Thu May 28 21:06:54 IST 2020,  284, 0.0
Thu May 28 21:07:54 IST 2020,  284, 6.2
Thu May 28 21:08:54 IST 2020,  284, 0.0
Thu May 28 21:09:54 IST 2020,  284, 0.0
Thu May 28 21:10:54 IST 2020,  284, 0.0
Thu May 28 21:11:55 IST 2020,  284, 0.0
Thu May 28 21:12:55 IST 2020,  284, 0.0
Thu May 28 21:13:55 IST 2020,  284, 0.0
Thu May 28 21:14:55 IST 2020,  288, 0.0
Thu May 28 21:15:55 IST 2020,  288, 0.0
Thu May 28 21:16:55 IST 2020,  288, 0.0
Thu May 28 21:17:55 IST 2020,  288, 6.2
Thu May 28 21:18:56 IST 2020,  288, 0.0
Thu May 28 21:19:56 IST 2020,  288, 0.0
Thu May 28 21:20:56 IST 2020,  290, 0.0
Thu May 28 21:21:56 IST 2020,  289, 6.2
Thu May 28 21:22:56 IST 2020,  291, 0.0
Thu May 28 21:23:56 IST 2020,  290, 0.0
Thu May 28 21:24:57 IST 2020,  288, 0.0
Thu May 28 21:25:57 IST 2020,  288, 0.0
Thu May 28 21:26:57 IST 2020,  295, 0.0
Thu May 28 21:27:57 IST 2020,  296, 0.0
Thu May 28 21:28:57 IST 2020,  296, 0.0
Thu May 28 21:29:57 IST 2020,  296, 5.9
Thu May 28 21:30:58 IST 2020,  296, 0.0
Thu May 28 21:31:58 IST 2020,  308, 0.0
Thu May 28 21:32:58 IST 2020,  311, 0.0
Thu May 28 21:33:58 IST 2020,  295, 0.0
Thu May 28 21:34:58 IST 2020,  293, 0.0
Thu May 28 21:35:58 IST 2020,  293, 0.0
Thu May 28 21:36:59 IST 2020,  293, 0.0
Thu May 28 21:37:59 IST 2020,  293, 0.0
Thu May 28 21:38:59 IST 2020,  295, 0.0
Thu May 28 21:39:59 IST 2020,  295, 0.0
Thu May 28 21:40:59 IST 2020,  293, 0.0
Thu May 28 21:41:59 IST 2020,  293, 0.0
Thu May 28 21:43:00 IST 2020,  293, 6.2
Thu May 28 21:44:00 IST 2020,  293, 0.0
Thu May 28 21:45:00 IST 2020,  293, 0.0
Thu May 28 21:46:00 IST 2020,  292, 0.0
Thu May 28 21:47:00 IST 2020,  294, 0.0
Thu May 28 21:48:00 IST 2020,  294, 0.0
Thu May 28 21:49:01 IST 2020,  293, 0.0
Thu May 28 21:50:01 IST 2020,  293, 0.0
Thu May 28 21:51:01 IST 2020,  295, 6.2
Thu May 28 21:52:01 IST 2020,  295, 0.0
Thu May 28 21:53:01 IST 2020,  293, 0.0
Thu May 28 21:54:01 IST 2020,  295, 0.0
Thu May 28 21:55:02 IST 2020,  298, 6.2
Thu May 28 21:56:02 IST 2020,  308, 0.0
Thu May 28 21:57:02 IST 2020,  319, 0.0
Thu May 28 21:58:02 IST 2020,  315, 0.0
Thu May 28 21:59:02 IST 2020,  312, 0.0
Thu May 28 22:00:02 IST 2020,  313, 0.0
Thu May 28 22:01:03 IST 2020,  310, 0.0
Thu May 28 22:02:03 IST 2020,  308, 0.0
Thu May 28 22:03:03 IST 2020,  308, 0.0
Thu May 28 22:04:03 IST 2020,  308, 0.0
Thu May 28 22:05:03 IST 2020,  309, 0.0
Thu May 28 22:06:03 IST 2020,  309, 0.0
Thu May 28 22:07:04 IST 2020,  308, 6.2
Thu May 28 22:08:04 IST 2020,  308, 6.2
Thu May 28 22:09:04 IST 2020,  308, 0.0
Thu May 28 22:10:04 IST 2020,  308, 6.7
Thu May 28 22:11:04 IST 2020,  309, 0.0
Thu May 28 22:12:04 IST 2020,  309, 0.0
Thu May 28 22:13:05 IST 2020,  308, 0.0
Thu May 28 22:14:05 IST 2020,  308, 0.0
Thu May 28 22:15:05 IST 2020,  308, 0.0
Thu May 28 22:16:05 IST 2020,  310, 0.0
Thu May 28 22:17:05 IST 2020,  310, 0.0
Thu May 28 22:18:05 IST 2020,  308, 5.9
Thu May 28 22:19:06 IST 2020,  308, 0.0
Thu May 28 22:20:06 IST 2020,  308, 0.0
Thu May 28 22:21:06 IST 2020,  308, 0.0
Thu May 28 22:22:06 IST 2020,  308, 0.0
Thu May 28 22:23:06 IST 2020,  308, 0.0
Thu May 28 22:24:06 IST 2020,  308, 6.2
Thu May 28 22:25:07 IST 2020,  308, 0.0
Thu May 28 22:26:07 IST 2020,  308, 6.2
Thu May 28 22:27:07 IST 2020,  308, 0.0
Thu May 28 22:28:07 IST 2020,  308, 0.0
Thu May 28 22:29:07 IST 2020,  310, 0.0
Thu May 28 22:30:07 IST 2020,  310, 0.0
Thu May 28 22:31:08 IST 2020,  310, 0.0
Thu May 28 22:32:08 IST 2020,  312, 0.0
Thu May 28 22:33:08 IST 2020,  312, 6.2
Thu May 28 22:34:08 IST 2020,  310, 0.0
Thu May 28 22:35:08 IST 2020,  310, 0.0
Thu May 28 22:36:08 IST 2020,  310, 0.0
Thu May 28 22:37:09 IST 2020,  312, 0.0
Thu May 28 22:38:09 IST 2020,  312, 0.0
Thu May 28 22:39:09 IST 2020,  310, 0.0
Thu May 28 22:40:09 IST 2020,  310, 0.0
Thu May 28 22:41:09 IST 2020,  310, 0.0
Thu May 28 22:42:09 IST 2020,  310, 0.0
Thu May 28 22:43:09 IST 2020,  310, 0.0
Thu May 28 22:44:10 IST 2020,  310, 0.0
Thu May 28 22:45:10 IST 2020,  310, 0.0
Thu May 28 22:46:10 IST 2020,  310, 6.2
Thu May 28 22:47:10 IST 2020,  311, 6.2
Thu May 28 22:48:10 IST 2020,  311, 5.9
Thu May 28 22:49:10 IST 2020,  311, 0.0
Thu May 28 22:50:11 IST 2020,  311, 6.2
Thu May 28 22:51:11 IST 2020,  311, 5.9
Thu May 28 22:52:11 IST 2020,  311, 0.0
Thu May 28 22:53:11 IST 2020,  311, 0.0
Thu May 28 22:54:11 IST 2020,  313, 0.0
Thu May 28 22:55:11 IST 2020,  313, 0.0
Thu May 28 22:56:12 IST 2020,  313, 0.0
Thu May 28 22:57:12 IST 2020,  313, 0.0
Thu May 28 22:58:12 IST 2020,  315, 6.2
Thu May 28 22:59:12 IST 2020,  315, 0.0
Thu May 28 23:00:12 IST 2020,  313, 6.2
Thu May 28 23:01:12 IST 2020,  313, 0.0
Thu May 28 23:02:13 IST 2020,  313, 0.0
Thu May 28 23:03:13 IST 2020,  315, 0.0
Thu May 28 23:04:13 IST 2020,  315, 0.0
Thu May 28 23:05:13 IST 2020,  313, 0.0
Thu May 28 23:06:13 IST 2020,  313, 6.2
Thu May 28 23:07:13 IST 2020,  313, 0.0
Thu May 28 23:08:14 IST 2020,  313, 0.0
Thu May 28 23:09:14 IST 2020,  313, 0.0
Thu May 28 23:10:14 IST 2020,  311, 0.0
Thu May 28 23:11:14 IST 2020,  311, 6.2
Thu May 28 23:12:14 IST 2020,  313, 0.0
Thu May 28 23:13:14 IST 2020,  313, 0.0
Thu May 28 23:14:15 IST 2020,  311, 0.0
Thu May 28 23:15:15 IST 2020,  311, 0.0
Thu May 28 23:16:15 IST 2020,  311, 0.0
Thu May 28 23:17:15 IST 2020,  313, 0.0
Thu May 28 23:18:15 IST 2020,  313, 0.0
Thu May 28 23:19:15 IST 2020,  311, 0.0
Thu May 28 23:20:16 IST 2020,  311, 0.0
Thu May 28 23:21:16 IST 2020,  311, 0.0
Thu May 28 23:22:16 IST 2020,  311, 0.0
Thu May 28 23:23:16 IST 2020,  311, 0.0
Thu May 28 23:24:16 IST 2020,  311, 0.0
Thu May 28 23:25:16 IST 2020,  311, 0.0
Thu May 28 23:26:17 IST 2020,  310, 0.0
Thu May 28 23:27:17 IST 2020,  311, 0.0
Thu May 28 23:28:17 IST 2020,  311, 0.0
Thu May 28 23:29:17 IST 2020,  300, 0.0
Thu May 28 23:30:17 IST 2020,  300, 0.0
Thu May 28 23:31:17 IST 2020,  302, 0.0
Thu May 28 23:32:18 IST 2020,  302, 6.2
Thu May 28 23:33:18 IST 2020,  300, 0.0
Thu May 28 23:34:18 IST 2020,  300, 6.2
Thu May 28 23:35:18 IST 2020,  300, 0.0
Thu May 28 23:36:18 IST 2020,  300, 0.0
Thu May 28 23:37:18 IST 2020,  300, 6.2
Thu May 28 23:38:19 IST 2020,  300, 0.0
Thu May 28 23:39:19 IST 2020,  300, 5.9
Thu May 28 23:40:19 IST 2020,  300, 0.0
Thu May 28 23:41:19 IST 2020,  302, 0.0
Thu May 28 23:42:19 IST 2020,  301, 0.0
Thu May 28 23:43:19 IST 2020,  300, 0.0
Thu May 28 23:44:20 IST 2020,  300, 0.0
Thu May 28 23:45:20 IST 2020,  300, 0.0
Thu May 28 23:46:20 IST 2020,  301, 6.2
Thu May 28 23:47:20 IST 2020,  301, 0.0
Thu May 28 23:48:20 IST 2020,  300, 0.0
Thu May 28 23:49:20 IST 2020,  299, 0.0
Thu May 28 23:50:21 IST 2020,  300, 0.0
Thu May 28 23:51:21 IST 2020,  300, 5.9
Thu May 28 23:52:21 IST 2020,  300, 0.0
Thu May 28 23:53:21 IST 2020,  300, 0.0
Thu May 28 23:54:21 IST 2020,  300, 0.0
Thu May 28 23:55:21 IST 2020,  300, 0.0
Thu May 28 23:56:22 IST 2020,  301, 0.0
Thu May 28 23:57:22 IST 2020,  301, 0.0
Thu May 28 23:58:22 IST 2020,  300, 0.0
Thu May 28 23:59:22 IST 2020,  300, 0.0
Fri May 29 00:00:22 IST 2020,  300, 0.0
Fri May 29 00:01:22 IST 2020,  300, 0.0
Fri May 29 00:02:22 IST 2020,  300, 0.0
Fri May 29 00:03:23 IST 2020,  300, 0.0
Fri May 29 00:04:23 IST 2020,  300, 0.0
Fri May 29 00:05:23 IST 2020,  300, 0.0
Fri May 29 00:06:23 IST 2020,  300, 6.2
Fri May 29 00:07:23 IST 2020,  300, 0.0
Fri May 29 00:08:23 IST 2020,  300, 0.0
Fri May 29 00:09:24 IST 2020,  300, 0.0
Fri May 29 00:10:24 IST 2020,  300, 0.0
Fri May 29 00:11:24 IST 2020,  300, 0.0
Fri May 29 00:12:24 IST 2020,  300, 0.0
Fri May 29 00:13:24 IST 2020,  300, 0.0
Fri May 29 00:14:24 IST 2020,  300, 0.0
Fri May 29 00:15:25 IST 2020,  300, 0.0
Fri May 29 00:16:25 IST 2020,  302, 6.2
Fri May 29 00:17:25 IST 2020,  302, 0.0
Fri May 29 00:18:25 IST 2020,  300, 0.0
Fri May 29 00:19:25 IST 2020,  300, 0.0
Fri May 29 00:20:25 IST 2020,  300, 0.0
Fri May 29 00:21:26 IST 2020,  300, 0.0
Fri May 29 00:22:26 IST 2020,  302, 0.0
Fri May 29 00:23:26 IST 2020,  302, 0.0
Fri May 29 00:24:26 IST 2020,  300, 6.2
Fri May 29 00:25:26 IST 2020,  300, 6.2
Fri May 29 00:26:26 IST 2020,  299, 0.0
Fri May 29 00:27:27 IST 2020,  301, 0.0
Fri May 29 00:28:27 IST 2020,  301, 0.0
Fri May 29 00:29:27 IST 2020,  299, 0.0
Fri May 29 00:30:27 IST 2020,  299, 0.0
Fri May 29 00:31:27 IST 2020,  299, 0.0
Fri May 29 00:32:27 IST 2020,  301, 0.0
Fri May 29 00:33:28 IST 2020,  301, 0.0
Fri May 29 00:34:28 IST 2020,  299, 0.0
Fri May 29 00:35:28 IST 2020,  299, 0.0
Fri May 29 00:36:28 IST 2020,  299, 0.0
Fri May 29 00:37:28 IST 2020,  308, 0.0
Fri May 29 00:38:28 IST 2020,  308, 0.0
Fri May 29 00:39:29 IST 2020,  306, 0.0
Fri May 29 00:40:29 IST 2020,  306, 0.0
Fri May 29 00:41:29 IST 2020,  306, 0.0
Fri May 29 00:42:29 IST 2020,  311, 0.0
Fri May 29 00:43:29 IST 2020,  312, 0.0
Fri May 29 00:44:29 IST 2020,  310, 0.0
Fri May 29 00:45:30 IST 2020,  310, 6.2
Fri May 29 00:46:30 IST 2020,  310, 6.2
Fri May 29 00:47:30 IST 2020,  310, 0.0
Fri May 29 00:48:30 IST 2020,  312, 0.0
Fri May 29 00:49:30 IST 2020,  312, 0.0
Fri May 29 00:50:30 IST 2020,  310, 0.0
Fri May 29 00:51:31 IST 2020,  306, 0.0
Fri May 29 00:52:31 IST 2020,  310, 0.0
Fri May 29 00:53:31 IST 2020,  312, 6.2
Fri May 29 00:54:31 IST 2020,  309, 0.0
Fri May 29 00:55:31 IST 2020,  307, 0.0
Fri May 29 00:56:31 IST 2020,  308, 6.2
Fri May 29 00:57:32 IST 2020,  309, 5.9
Fri May 29 00:58:32 IST 2020,  306, 0.0
Fri May 29 00:59:32 IST 2020,  299, 0.0
Fri May 29 01:00:32 IST 2020,  299, 0.0
Fri May 29 01:01:32 IST 2020,  299, 0.0
Fri May 29 01:02:32 IST 2020,  299, 0.0
Fri May 29 01:03:32 IST 2020,  299, 0.0
Fri May 29 01:04:33 IST 2020,  299, 0.0
Fri May 29 01:05:33 IST 2020,  307, 0.0
Fri May 29 01:06:33 IST 2020,  362, 0.0
Fri May 29 01:07:33 IST 2020,  364, 0.0
Fri May 29 01:08:33 IST 2020,  303, 5.9
Fri May 29 01:09:33 IST 2020,  363, 0.0
Fri May 29 01:10:34 IST 2020,  363, 0.0
Fri May 29 01:11:34 IST 2020,  355, 0.0
Fri May 29 01:12:34 IST 2020,  356, 0.0
Fri May 29 01:13:34 IST 2020,  364, 0.0
Fri May 29 01:14:34 IST 2020,  364, 6.2
Fri May 29 01:15:34 IST 2020,  363, 5.9
Fri May 29 01:16:35 IST 2020,  363, 0.0
Fri May 29 01:17:35 IST 2020,  363, 0.0
Fri May 29 01:18:35 IST 2020,  364, 0.0
Fri May 29 01:19:35 IST 2020,  139, 6.2
Fri May 29 01:20:35 IST 2020,  144, 6.2
Fri May 29 01:21:35 IST 2020,  145, 6.2
Fri May 29 01:22:36 IST 2020,  148, 0.0
Fri May 29 01:23:36 IST 2020,  152, 0.0
Fri May 29 01:24:36 IST 2020,  135, 0.0
Fri May 29 01:25:36 IST 2020,  138, 0.0
Fri May 29 01:26:36 IST 2020,  135, 0.0
Fri May 29 01:27:36 IST 2020,  137, 0.0
Fri May 29 01:28:37 IST 2020,  361, 0.0
Fri May 29 01:29:37 IST 2020,  197, 0.0
Fri May 29 01:30:37 IST 2020,  197, 0.0
Fri May 29 01:31:37 IST 2020,  259, 0.0
Fri May 29 01:32:37 IST 2020,  366, 0.0
Fri May 29 01:33:37 IST 2020,  310, 6.2
Fri May 29 01:34:38 IST 2020,  310, 0.0
Fri May 29 01:35:38 IST 2020,  368, 0.0
Fri May 29 01:36:38 IST 2020,  370, 0.0
Fri May 29 01:37:38 IST 2020,  313, 0.0
Fri May 29 01:38:38 IST 2020,  362, 6.2
Fri May 29 01:39:38 IST 2020,  300, 0.0
Fri May 29 01:40:39 IST 2020,  300, 6.2
Fri May 29 01:41:39 IST 2020,  303, 6.7
Fri May 29 01:42:39 IST 2020,  140, 0.0
Fri May 29 01:43:39 IST 2020,  298, 0.0
Fri May 29 01:44:39 IST 2020,  301, 6.2
Fri May 29 01:45:39 IST 2020,  301, 0.0
Fri May 29 01:46:40 IST 2020,  300, 0.0
Fri May 29 01:47:40 IST 2020,  138, 0.0
Fri May 29 01:48:40 IST 2020,  136, 0.0
Fri May 29 01:49:40 IST 2020,  136, 0.0
Fri May 29 01:50:40 IST 2020,  136, 0.0
Fri May 29 01:51:40 IST 2020,  168, 0.0
Fri May 29 01:52:41 IST 2020,  148, 0.0
Fri May 29 01:53:41 IST 2020,  520, 87.5
Fri May 29 01:54:41 IST 2020,  566, 93.8
Fri May 29 01:55:41 IST 2020,  384, 56.2
Fri May 29 01:56:41 IST 2020,  149, 0.0
Fri May 29 01:57:41 IST 2020,  391, 93.8
Fri May 29 01:58:42 IST 2020,  666, 94.1
Fri May 29 01:59:42 IST 2020,  692, 0.0
Fri May 29 02:00:42 IST 2020,  478, 0.0
Fri May 29 02:01:42 IST 2020,  316, 0.0
Fri May 29 02:02:42 IST 2020,  316, 0.0
Fri May 29 02:03:43 IST 2020,  314, 6.2
Fri May 29 02:04:43 IST 2020,  311, 5.9
Fri May 29 02:05:43 IST 2020,  310, 0.0
Fri May 29 02:06:43 IST 2020,  312, 0.0
Fri May 29 02:07:43 IST 2020,  983, 0.0
Fri May 29 02:08:43 IST 2020,  870, 0.0
Fri May 29 02:09:44 IST 2020,  990, 0.0
Fri May 29 02:10:44 IST 2020,  1025, 0.0
Fri May 29 02:11:44 IST 2020,  1033, 0.0
Fri May 29 02:12:44 IST 2020,  1010, 6.2
Fri May 29 02:13:44 IST 2020,  1004, 13.3
Fri May 29 02:14:44 IST 2020,  1037, 0.0
Fri May 29 02:15:45 IST 2020,  830, 26.7
Fri May 29 02:16:45 IST 2020,  1079, 6.2
Fri May 29 02:17:45 IST 2020,  969, 12.5
Fri May 29 02:18:45 IST 2020,  1124, 6.2
Fri May 29 02:19:45 IST 2020,  864, 0.0
Fri May 29 02:20:45 IST 2020,  1140, 6.7
Fri May 29 02:21:46 IST 2020,  1145, 0.0
Fri May 29 02:22:46 IST 2020,  1156, 0.0
Fri May 29 02:23:46 IST 2020,  1126, 0.0
Fri May 29 02:24:46 IST 2020,  969, 11.8
Fri May 29 02:25:46 IST 2020,  1154, 0.0
Fri May 29 02:26:46 IST 2020,  1108, 18.8
Fri May 29 02:27:47 IST 2020,  1133, 0.0
Fri May 29 02:28:47 IST 2020,  974, 25.0
Fri May 29 02:29:47 IST 2020,  960, 26.7
Fri May 29 02:30:47 IST 2020,  1121, 6.2
Fri May 29 02:31:47 IST 2020,  1053, 0.0
Fri May 29 02:32:47 IST 2020,  1101, 0.0
Fri May 29 02:33:48 IST 2020,  1149, 0.0
Fri May 29 02:34:48 IST 2020,  1180, 0.0
Fri May 29 02:35:48 IST 2020,  1043, 29.4
Fri May 29 02:36:48 IST 2020,  1113, 23.5
Fri May 29 02:37:48 IST 2020,  1155, 6.7
Fri May 29 02:38:48 IST 2020,  1113, 26.7
Fri May 29 02:39:49 IST 2020,  1213, 0.0
Fri May 29 02:40:49 IST 2020,  956, 0.0
Fri May 29 02:41:49 IST 2020,  1076, 0.0
Fri May 29 02:42:49 IST 2020,  997, 21.4
Fri May 29 02:43:49 IST 2020,  1166, 0.0
Fri May 29 02:44:49 IST 2020,  1117, 0.0
Fri May 29 02:45:50 IST 2020,  935, 78.6
Fri May 29 02:46:50 IST 2020,  1040, 31.2
Fri May 29 02:47:50 IST 2020,  1161, 6.2
Fri May 29 02:48:50 IST 2020,  1040, 50.0
Fri May 29 02:49:50 IST 2020,  1124, 0.0
Fri May 29 02:50:51 IST 2020,  1168, 6.2
Fri May 29 02:51:51 IST 2020,  1279, 6.2
Fri May 29 02:52:51 IST 2020,  1190, 0.0
Fri May 29 02:53:51 IST 2020,  815, 33.3
Fri May 29 02:54:51 IST 2020,  1034, 26.7
Fri May 29 02:55:51 IST 2020,  1132, us,
Fri May 29 02:56:52 IST 2020,  1142, 25.0
Fri May 29 02:57:52 IST 2020,  971, 18.8
Fri May 29 02:58:52 IST 2020,  1181, 0.0
Fri May 29 02:59:52 IST 2020,  1137, 0.0
Fri May 29 03:00:52 IST 2020,  1144, 0.0
Fri May 29 03:01:52 IST 2020,  992, 80.0
Fri May 29 03:02:53 IST 2020,  1212, 5.9
Fri May 29 03:03:53 IST 2020,  1182, 88.2
Fri May 29 03:04:53 IST 2020,  1154, 68.8
Fri May 29 03:05:53 IST 2020,  1035, 62.5
Fri May 29 03:06:53 IST 2020,  1235, 0.0
Fri May 29 03:07:54 IST 2020,  1213, 0.0
Fri May 29 03:08:54 IST 2020,  1194, 53.3
Fri May 29 03:09:54 IST 2020,  1201, 50.0
Fri May 29 03:10:54 IST 2020,  1172, 13.3
Fri May 29 03:11:54 IST 2020,  1254, 0.0
Fri May 29 03:12:54 IST 2020,  1131, 37.5
Fri May 29 03:13:55 IST 2020,  1216, 6.2
Fri May 29 03:14:55 IST 2020,  1159, 6.2
Fri May 29 03:15:55 IST 2020,  1287, 56.2
Fri May 29 03:16:55 IST 2020,  1252, 0.0
Fri May 29 03:17:55 IST 2020,  1077, 94.1
Fri May 29 03:18:55 IST 2020,  1183, 25.0
Fri May 29 03:19:56 IST 2020,  1231, 43.8
Fri May 29 03:20:56 IST 2020,  1266, us,
Fri May 29 03:21:56 IST 2020,  1236, 0.0
Fri May 29 03:22:56 IST 2020,  1220, 5.9
Fri May 29 03:23:56 IST 2020,  1161, 94.4
Fri May 29 03:24:57 IST 2020,  1290, 6.2
Fri May 29 03:25:57 IST 2020,  1120, 53.3
Fri May 29 03:26:57 IST 2020,  1279, 0.0
Fri May 29 03:27:57 IST 2020,  1256, us,
Fri May 29 03:28:57 IST 2020,  1170, 33.3
Fri May 29 03:29:57 IST 2020,  1186, 0.0
Fri May 29 03:30:58 IST 2020,  1122, 0.0
Fri May 29 03:31:58 IST 2020,  1152, 27.8
Fri May 29 03:32:58 IST 2020,  1190, 0.0
Fri May 29 03:33:58 IST 2020,  1211, 0.0
Fri May 29 03:34:58 IST 2020,  1248, 82.4
Fri May 29 03:35:58 IST 2020,  1129, 0.0
Fri May 29 03:36:59 IST 2020,  711, 6.2
Fri May 29 03:37:59 IST 2020,  1117, 18.8
Fri May 29 03:38:59 IST 2020,  1140, 0.0
Fri May 29 03:39:59 IST 2020,  930, 29.4
Fri May 29 03:40:59 IST 2020,  1161, 0.0
Fri May 29 03:41:59 IST 2020,  1122, 0.0
Fri May 29 03:43:00 IST 2020,  1111, 0.0
Fri May 29 03:44:00 IST 2020,  1099, 0.0
Fri May 29 03:45:00 IST 2020,  1115, 20.0
Fri May 29 03:46:00 IST 2020,  1125, 0.0
Fri May 29 03:47:00 IST 2020,  1056, 29.4
Fri May 29 03:48:01 IST 2020,  1170, 0.0
Fri May 29 03:49:01 IST 2020,  1144, 6.7
Fri May 29 03:50:01 IST 2020,  1157, 0.0
Fri May 29 03:51:01 IST 2020,  1206, 6.2
Fri May 29 03:52:01 IST 2020,  982, 33.3
Fri May 29 03:53:01 IST 2020,  1192, 6.2
Fri May 29 03:54:02 IST 2020,  1166, 0.0
Fri May 29 03:55:02 IST 2020,  1227, 6.2
Fri May 29 03:56:02 IST 2020,  1226, 0.0
Fri May 29 03:57:02 IST 2020,  1220, 0.0
Fri May 29 03:58:02 IST 2020,  1019, 6.7
Fri May 29 03:59:03 IST 2020,  661, 13.3
Fri May 29 04:00:03 IST 2020,  1187, 0.0
Fri May 29 04:01:03 IST 2020,  1230, 0.0
Fri May 29 04:02:03 IST 2020,  1163, us,
Fri May 29 04:03:03 IST 2020,  1049, 46.7
Fri May 29 04:04:03 IST 2020,  1235, 0.0
Fri May 29 04:05:04 IST 2020,  1328, 6.7
Fri May 29 04:06:04 IST 2020,  1089, 50.0
Fri May 29 04:07:04 IST 2020,  1411, 0.0
Fri May 29 04:08:04 IST 2020,  1311, 0.0
Fri May 29 04:09:04 IST 2020,  1308, 0.0
Fri May 29 04:10:04 IST 2020,  1254, 6.2
Fri May 29 04:11:05 IST 2020,  1321, 0.0
Fri May 29 04:12:05 IST 2020,  1283, 0.0
Fri May 29 04:13:05 IST 2020,  1125, 16.7
Fri May 29 04:14:05 IST 2020,  1170, 6.2
Fri May 29 04:15:05 IST 2020,  1257, 6.7
Fri May 29 04:16:05 IST 2020,  1342, 0.0
Fri May 29 04:17:06 IST 2020,  1354, 0.0
Fri May 29 04:18:06 IST 2020,  1327, 0.0
Fri May 29 04:19:06 IST 2020,  1111, 35.7
Fri May 29 04:20:06 IST 2020,  1325, 0.0
Fri May 29 04:21:06 IST 2020,  1224, 0.0
Fri May 29 04:22:06 IST 2020,  1361, 0.0
Fri May 29 04:23:07 IST 2020,  1361, 0.0
Fri May 29 04:24:07 IST 2020,  1317, 0.0
Fri May 29 04:25:07 IST 2020,  1128, 53.3
Fri May 29 04:26:07 IST 2020,  1369, 0.0
Fri May 29 04:27:07 IST 2020,  1314, 0.0
Fri May 29 04:28:07 IST 2020,  1369, 47.1
Fri May 29 04:29:08 IST 2020,  1288, 6.2
Fri May 29 04:30:08 IST 2020,  1383, 0.0
Fri May 29 04:31:08 IST 2020,  1304, 0.0
Fri May 29 04:32:08 IST 2020,  1291, 88.9
Fri May 29 04:33:08 IST 2020,  660, 25.0
Fri May 29 04:34:09 IST 2020,  1265, 6.2
Fri May 29 04:35:09 IST 2020,  1311, 0.0
Fri May 29 04:36:09 IST 2020,  1472, 0.0
Fri May 29 04:37:09 IST 2020,  1195, 6.2
Fri May 29 04:38:09 IST 2020,  1356, 6.2
Fri May 29 04:39:10 IST 2020,  1408, 0.0
Fri May 29 04:40:10 IST 2020,  495, 75.0
Fri May 29 04:41:10 IST 2020,  1183, 0.0
Fri May 29 04:42:10 IST 2020,  1148, 20.0
Fri May 29 04:43:10 IST 2020,  1245, 0.0
Fri May 29 04:44:10 IST 2020,  1130, 13.3
Fri May 29 04:45:11 IST 2020,  1147, 0.0
Fri May 29 04:46:11 IST 2020,  1175, 0.0
Fri May 29 04:47:11 IST 2020,  1197, 6.2
Fri May 29 04:48:11 IST 2020,  1114, 0.0
Fri May 29 04:49:11 IST 2020,  1146, 6.2
Fri May 29 04:50:11 IST 2020,  1238, 0.0
Fri May 29 04:51:12 IST 2020,  1194, 0.0
Fri May 29 04:52:12 IST 2020,  1202, 0.0
Fri May 29 04:53:12 IST 2020,  1103, 12.5
Fri May 29 04:54:12 IST 2020,  1160, 0.0
Fri May 29 04:55:12 IST 2020,  1253, 6.7
Fri May 29 04:56:12 IST 2020,  1230, 40.0
Fri May 29 04:57:13 IST 2020,  1364, 17.6
Fri May 29 04:58:13 IST 2020,  1301, 0.0
Fri May 29 04:59:13 IST 2020,  1264, 0.0
Fri May 29 05:00:13 IST 2020,  1339, 0.0
Fri May 29 05:01:13 IST 2020,  1326, 46.7
Fri May 29 05:02:13 IST 2020,  1253, 6.2
Fri May 29 05:03:14 IST 2020,  1408, 6.2
Fri May 29 05:04:14 IST 2020,  1379, 0.0
Fri May 29 05:05:14 IST 2020,  1320, 0.0
Fri May 29 05:06:14 IST 2020,  1386, 0.0
Fri May 29 05:07:14 IST 2020,  1262, 93.3
Fri May 29 05:08:15 IST 2020,  1335, 26.7
Fri May 29 05:09:15 IST 2020,  1422, 0.0
Fri May 29 05:10:15 IST 2020,  1278, 6.2
Fri May 29 05:11:15 IST 2020,  1465, 0.0
Fri May 29 05:12:15 IST 2020,  1266, 75.0
Fri May 29 05:13:15 IST 2020,  1313, 0.0
Fri May 29 05:14:16 IST 2020,  1399, 0.0
Fri May 29 05:15:16 IST 2020,  1459, 0.0
Fri May 29 05:16:16 IST 2020,  1074, 94.1
Fri May 29 05:17:16 IST 2020,  1292, 0.0
Fri May 29 05:18:16 IST 2020,  1519, 0.0
Fri May 29 05:19:16 IST 2020,  1339, 0.0
Fri May 29 05:20:17 IST 2020,  1369, 12.5
Fri May 29 05:21:17 IST 2020,  1065, 43.8
Fri May 29 05:22:17 IST 2020,  1319, 11.1
Fri May 29 05:23:17 IST 2020,  1080, 17.6
Fri May 29 05:24:17 IST 2020,  1364, 0.0
Fri May 29 05:25:18 IST 2020,  1383, 0.0
Fri May 29 05:26:18 IST 2020,  1519, 6.2
Fri May 29 05:27:18 IST 2020,  1418, 6.7
Fri May 29 05:28:18 IST 2020,  1276, 0.0
Fri May 29 05:29:18 IST 2020,  1139, 93.8
Fri May 29 05:30:18 IST 2020,  912, 60.0
Fri May 29 05:31:19 IST 2020,  1368, 0.0
Fri May 29 05:32:19 IST 2020,  1367, 0.0
Fri May 29 05:33:19 IST 2020,  1211, 60.0
Fri May 29 05:34:19 IST 2020,  1333, 6.7
Fri May 29 05:35:19 IST 2020,  1212, 0.0
Fri May 29 05:36:20 IST 2020,  681, 0.0
Fri May 29 05:37:20 IST 2020,  1066, 6.7
Fri May 29 05:38:20 IST 2020,  1099, 12.5
Fri May 29 05:39:20 IST 2020,  1126, 46.7
Fri May 29 05:40:20 IST 2020,  953, 5.9
Fri May 29 05:41:20 IST 2020,  1000, 0.0
Fri May 29 05:42:21 IST 2020,  987, 20.0
Fri May 29 05:43:21 IST 2020,  1021, 0.0
Fri May 29 05:44:21 IST 2020,  930, 6.7
Fri May 29 05:45:21 IST 2020,  932, 0.0
Fri May 29 05:46:21 IST 2020,  937, 12.5
Fri May 29 05:47:21 IST 2020,  1038, 18.8
Fri May 29 05:48:22 IST 2020,  1018, 13.3
Fri May 29 05:49:22 IST 2020,  996, 0.0
Fri May 29 05:50:22 IST 2020,  957, 0.0
Fri May 29 05:51:22 IST 2020,  974, 0.0
Fri May 29 05:52:22 IST 2020,  1012, 0.0
Fri May 29 05:53:22 IST 2020,  1025, 0.0
Fri May 29 05:54:23 IST 2020,  1047, 23.5
Fri May 29 05:55:23 IST 2020,  1179, 6.2
Fri May 29 05:56:23 IST 2020,  1213, 25.0
Fri May 29 05:57:23 IST 2020,  728, 58.8
Fri May 29 05:58:23 IST 2020,  1273, 93.8
Fri May 29 05:59:24 IST 2020,  1413, 6.2
Fri May 29 06:00:24 IST 2020,  1325, 13.3
Fri May 29 06:01:24 IST 2020,  1410, 88.9
Fri May 29 06:02:24 IST 2020,  1446, 6.2
Fri May 29 06:03:24 IST 2020,  1302, 0.0
Fri May 29 06:04:24 IST 2020,  1324, 0.0
Fri May 29 06:05:25 IST 2020,  1094, 81.2
Fri May 29 06:06:25 IST 2020,  1300, 6.2
Fri May 29 06:07:25 IST 2020,  1167, 12.5
Fri May 29 06:08:25 IST 2020,  1132, 0.0
Fri May 29 06:09:25 IST 2020,  1323, 0.0
Fri May 29 06:10:26 IST 2020,  1148, us,
Fri May 29 06:11:26 IST 2020,  1116, 42.1
Fri May 29 06:12:26 IST 2020,  1276, 0.0
Fri May 29 06:13:26 IST 2020,  1253, 0.0
Fri May 29 06:14:26 IST 2020,  1208, 31.2
Fri May 29 06:15:26 IST 2020,  1268, 6.2
Fri May 29 06:16:27 IST 2020,  1365, 6.2
Fri May 29 06:17:27 IST 2020,  1171, 6.2
Fri May 29 06:18:27 IST 2020,  1228, 0.0
Fri May 29 06:19:27 IST 2020,  1329, 0.0
Fri May 29 06:20:27 IST 2020,  1019, 25.0
Fri May 29 06:21:27 IST 2020,  1236, 0.0
Fri May 29 06:22:28 IST 2020,  441, 29.4
Fri May 29 06:23:28 IST 2020,  629, us,
Fri May 29 06:24:28 IST 2020,  1169, 0.0
Fri May 29 06:25:28 IST 2020,  1133, 18.8
Fri May 29 06:26:28 IST 2020,  1305, 0.0
Fri May 29 06:27:28 IST 2020,  1298, 0.0
Fri May 29 06:28:29 IST 2020,  1311, us,
Fri May 29 06:29:29 IST 2020,  1409, 0.0
